"DESCRIPTION","DURATION IN MS","NAME","PARENT SUITE","START TIME","STATUS","STOP TIME","SUB SUITE","SUITE","TEST CLASS","TEST METHOD"
"","10348","select validate product","","2026-07-01","passed","2026-07-01","","","",""
"","14023","User Signup with existing email address","","2026-07-01","passed","2026-07-01","","","",""
"","6519","User Login with invalid credentials","","2026-07-01","passed","2026-07-01","","","",""
"","7878","User Login","","2026-07-01","passed","2026-07-01","","","",""
"","14413","Validate Logout","","2026-07-01","passed","2026-07-01","","","",""
"","5209","User Login with invalid credentials","","2026-07-01","passed","2026-07-01","","","",""
"","20545","User Login with invalid credentials","","2026-07-01","passed","2026-07-01","","","",""
"","5277","Validate login page title","","2026-07-01","passed","2026-07-01","","","",""
"","17387","Successful signup with valid details","","2026-07-01","passed","2026-07-01","","","",""
